author,vocab_size,final_accuracy,samples
chekhov,3935,0.03520333021879196,14417
mayakovsky,785,0.0321180559694767,1440
dostoevsky,4336,0.04346185922622681,16567
